Total Nacional,Comunidades y Ciudades Autónomas,Periodo,Total
Total Nacional,,2023T4,139314
Total Nacional,,2023T3,155797
Total Nacional,,2023T2,148091
Total Nacional,,2023T1,149645
Total Nacional,,2022T4,140517
Total Nacional,,2022T3,143876
Total Nacional,,2022T2,145053
Total Nacional,,2022T1,133988
Total Nacional,,2021T4,109085
Total Nacional,,2021T3,118888
Total Nacional,,2021T2,119212
Total Nacional,,2021T1,100041
Total Nacional,,2020T4,76007
Total Nacional,,2020T3,86750
Total Nacional,,2020T2,74346
Total Nacional,,2020T1,103005
Total Nacional,,2019T4,101009
Total Nacional,,2019T3,104182
Total Nacional,,2019T2,107531
Total Nacional,,2019T1,98745
Total Nacional,,2018T4,91101
Total Nacional,,2018T3,96887
Total Nacional,,2018T2,98493
Total Nacional,,2018T1,101512
Total Nacional,,2017T4,74737
Total Nacional,,2017T3,82546
Total Nacional,,2017T2,82826
Total Nacional,,2017T1,78356
Total Nacional,,2016T4,67464
Total Nacional,,2016T3,68057
Total Nacional,,2016T2,75852
Total Nacional,,2016T1,69028
Total Nacional,,2015T4,58868
Total Nacional,,2015T3,62172
Total Nacional,,2015T2,60103
Total Nacional,,2015T1,58707
Total Nacional,,2014T4,56269
Total Nacional,,2014T3,57660
Total Nacional,,2014T2,55238
Total Nacional,,2014T1,54965
Total Nacional,,2013T4,53909
Total Nacional,,2013T3,72790
Total Nacional,01 Andalucía,2023T4,19212
Total Nacional,01 Andalucía,2023T3,22425
Total Nacional,01 Andalucía,2023T2,22402
Total Nacional,01 Andalucía,2023T1,17839
Total Nacional,01 Andalucía,2022T4,22184
Total Nacional,01 Andalucía,2022T3,18582
Total Nacional,01 Andalucía,2022T2,23231
Total Nacional,01 Andalucía,2022T1,16095
Total Nacional,01 Andalucía,2021T4,19007
Total Nacional,01 Andalucía,2021T3,17904
Total Nacional,01 Andalucía,2021T2,16561
Total Nacional,01 Andalucía,2021T1,16106
Total Nacional,01 Andalucía,2020T4,12471
Total Nacional,01 Andalucía,2020T3,15759
Total Nacional,01 Andalucía,2020T2,12010
Total Nacional,01 Andalucía,2020T1,11951
Total Nacional,01 Andalucía,2019T4,16114
Total Nacional,01 Andalucía,2019T3,13571
Total Nacional,01 Andalucía,2019T2,13377
Total Nacional,01 Andalucía,2019T1,10613
Total Nacional,01 Andalucía,2018T4,9878
Total Nacional,01 Andalucía,2018T3,11822
Total Nacional,01 Andalucía,2018T2,11657
Total Nacional,01 Andalucía,2018T1,13180
Total Nacional,01 Andalucía,2017T4,7547
Total Nacional,01 Andalucía,2017T3,10199
Total Nacional,01 Andalucía,2017T2,9648
Total Nacional,01 Andalucía,2017T1,8369
Total Nacional,01 Andalucía,2016T4,8131
Total Nacional,01 Andalucía,2016T3,8398
Total Nacional,01 Andalucía,2016T2,6613
Total Nacional,01 Andalucía,2016T1,8945
Total Nacional,01 Andalucía,2015T4,7303
Total Nacional,01 Andalucía,2015T3,8275
Total Nacional,01 Andalucía,2015T2,7040
Total Nacional,01 Andalucía,2015T1,6287
Total Nacional,01 Andalucía,2014T4,8599
Total Nacional,01 Andalucía,2014T3,10496
Total Nacional,01 Andalucía,2014T2,9060
Total Nacional,01 Andalucía,2014T1,7510
Total Nacional,01 Andalucía,2013T4,8920
Total Nacional,01 Andalucía,2013T3,10111
Total Nacional,02 Aragón,2023T4,4595
Total Nacional,02 Aragón,2023T3,3810
Total Nacional,02 Aragón,2023T2,4448
Total Nacional,02 Aragón,2023T1,3591
Total Nacional,02 Aragón,2022T4,3865
Total Nacional,02 Aragón,2022T3,3331
Total Nacional,02 Aragón,2022T2,3552
Total Nacional,02 Aragón,2022T1,4570
Total Nacional,02 Aragón,2021T4,2807
Total Nacional,02 Aragón,2021T3,3718
Total Nacional,02 Aragón,2021T2,3438
Total Nacional,02 Aragón,2021T1,3569
Total Nacional,02 Aragón,2020T4,2136
Total Nacional,02 Aragón,2020T3,3030
Total Nacional,02 Aragón,2020T2,2397
Total Nacional,02 Aragón,2020T1,2009
Total Nacional,02 Aragón,2019T4,2622
Total Nacional,02 Aragón,2019T3,2200
Total Nacional,02 Aragón,2019T2,2387
Total Nacional,02 Aragón,2019T1,2118
Total Nacional,02 Aragón,2018T4,2449
Total Nacional,02 Aragón,2018T3,2610
Total Nacional,02 Aragón,2018T2,3177
Total Nacional,02 Aragón,2018T1,2192
Total Nacional,02 Aragón,2017T4,2462
Total Nacional,02 Aragón,2017T3,1897
Total Nacional,02 Aragón,2017T2,1663
Total Nacional,02 Aragón,2017T1,1492
Total Nacional,02 Aragón,2016T4,2369
Total Nacional,02 Aragón,2016T3,1979
Total Nacional,02 Aragón,2016T2,2917
Total Nacional,02 Aragón,2016T1,2196
Total Nacional,02 Aragón,2015T4,3044
Total Nacional,02 Aragón,2015T3,1988
Total Nacional,02 Aragón,2015T2,2493
Total Nacional,02 Aragón,2015T1,1356
Total Nacional,02 Aragón,2014T4,1723
Total Nacional,02 Aragón,2014T3,2108
Total Nacional,02 Aragón,2014T2,2917
Total Nacional,02 Aragón,2014T1,1664
Total Nacional,02 Aragón,2013T4,1728
Total Nacional,02 Aragón,2013T3,1939
Total Nacional,03 Asturias,2023T4,1701
Total Nacional,03 Asturias,2023T3,1682
Total Nacional,03 Asturias,2023T2,1326
Total Nacional,03 Asturias,2023T1,1677
Total Nacional,03 Asturias,2022T4,2740
Total Nacional,03 Asturias,2022T3,2856
Total Nacional,03 Asturias,2022T2,1514
Total Nacional,03 Asturias,2022T1,1977
Total Nacional,03 Asturias,2021T4,3374
Total Nacional,03 Asturias,2021T3,3167
Total Nacional,03 Asturias,2021T2,2945
Total Nacional,03 Asturias,2021T1,1051
Total Nacional,03 Asturias,2020T4,1431
Total Nacional,03 Asturias,2020T3,2050
Total Nacional,03 Asturias,2020T2,1025
Total Nacional,03 Asturias,2020T1,1263
Total Nacional,03 Asturias,2019T4,2193
Total Nacional,03 Asturias,2019T3,1234
Total Nacional,03 Asturias,2019T2,1076
Total Nacional,03 Asturias,2019T1,1170
Total Nacional,03 Asturias,2018T4,1076
Total Nacional,03 Asturias,2018T3,1109
Total Nacional,03 Asturias,2018T2,1007
Total Nacional,03 Asturias,2018T1,821
Total Nacional,03 Asturias,2017T4,990
Total Nacional,03 Asturias,2017T3,1105
Total Nacional,03 Asturias,2017T2,858
Total Nacional,03 Asturias,2017T1,863
Total Nacional,03 Asturias,2016T4,770
Total Nacional,03 Asturias,2016T3,579
Total Nacional,03 Asturias,2016T2,537
Total Nacional,03 Asturias,2016T1,853
Total Nacional,03 Asturias,2015T4,410
Total Nacional,03 Asturias,2015T3,516
Total Nacional,03 Asturias,2015T2,740
Total Nacional,03 Asturias,2015T1,723
Total Nacional,03 Asturias,2014T4,762
Total Nacional,03 Asturias,2014T3,777
Total Nacional,03 Asturias,2014T2,1325
Total Nacional,03 Asturias,2014T1,466
Total Nacional,03 Asturias,2013T4,847
Total Nacional,03 Asturias,2013T3,1067
Total Nacional,04 Baleares,2023T4,1438
Total Nacional,04 Baleares,2023T3,1621
Total Nacional,04 Baleares,2023T2,3608
Total Nacional,04 Baleares,2023T1,2502
Total Nacional,04 Baleares,2022T4,3051
Total Nacional,04 Baleares,2022T3,2253
Total Nacional,04 Baleares,2022T2,4039
Total Nacional,04 Baleares,2022T1,3908
Total Nacional,04 Baleares,2021T4,1079
Total Nacional,04 Baleares,2021T3,1266
Total Nacional,04 Baleares,2021T2,1322
Total Nacional,04 Baleares,2021T1,878
Total Nacional,04 Baleares,2020T4,353
Total Nacional,04 Baleares,2020T3,1114
Total Nacional,04 Baleares,2020T2,2316
Total Nacional,04 Baleares,2020T1,1551
Total Nacional,04 Baleares,2019T4,1624
Total Nacional,04 Baleares,2019T3,2015
Total Nacional,04 Baleares,2019T2,2535
Total Nacional,04 Baleares,2019T1,1789
Total Nacional,04 Baleares,2018T4,687
Total Nacional,04 Baleares,2018T3,1650
Total Nacional,04 Baleares,2018T2,1682
Total Nacional,04 Baleares,2018T1,2158
Total Nacional,04 Baleares,2017T4,1163
Total Nacional,04 Baleares,2017T3,997
Total Nacional,04 Baleares,2017T2,1247
Total Nacional,04 Baleares,2017T1,2949
Total Nacional,04 Baleares,2016T4,789
Total Nacional,04 Baleares,2016T3,1053
Total Nacional,04 Baleares,2016T2,2787
Total Nacional,04 Baleares,2016T1,1881
Total Nacional,04 Baleares,2015T4,1866
Total Nacional,04 Baleares,2015T3,1324
Total Nacional,04 Baleares,2015T2,2188
Total Nacional,04 Baleares,2015T1,2008
Total Nacional,04 Baleares,2014T4,773
Total Nacional,04 Baleares,2014T3,1177
Total Nacional,04 Baleares,2014T2,1399
Total Nacional,04 Baleares,2014T1,1577
Total Nacional,04 Baleares,2013T4,761
Total Nacional,04 Baleares,2013T3,989
Total Nacional,05 Canarias,2023T4,5033
Total Nacional,05 Canarias,2023T3,6561
Total Nacional,05 Canarias,2023T2,4366
Total Nacional,05 Canarias,2023T1,7201
Total Nacional,05 Canarias,2022T4,4158
Total Nacional,05 Canarias,2022T3,5631
Total Nacional,05 Canarias,2022T2,4937
Total Nacional,05 Canarias,2022T1,4272
Total Nacional,05 Canarias,2021T4,4083
Total Nacional,05 Canarias,2021T3,3358
Total Nacional,05 Canarias,2021T2,2635
Total Nacional,05 Canarias,2021T1,3423
Total Nacional,05 Canarias,2020T4,2796
Total Nacional,05 Canarias,2020T3,3340
Total Nacional,05 Canarias,2020T2,2452
Total Nacional,05 Canarias,2020T1,4702
Total Nacional,05 Canarias,2019T4,8242
Total Nacional,05 Canarias,2019T3,3203
Total Nacional,05 Canarias,2019T2,2452
Total Nacional,05 Canarias,2019T1,4290
Total Nacional,05 Canarias,2018T4,2716
Total Nacional,05 Canarias,2018T3,1780
Total Nacional,05 Canarias,2018T2,3511
Total Nacional,05 Canarias,2018T1,3178
Total Nacional,05 Canarias,2017T4,2377
Total Nacional,05 Canarias,2017T3,2018
Total Nacional,05 Canarias,2017T2,1997
Total Nacional,05 Canarias,2017T1,2019
Total Nacional,05 Canarias,2016T4,3301
Total Nacional,05 Canarias,2016T3,2625
Total Nacional,05 Canarias,2016T2,3519
Total Nacional,05 Canarias,2016T1,2762
Total Nacional,05 Canarias,2015T4,2666
Total Nacional,05 Canarias,2015T3,2075
Total Nacional,05 Canarias,2015T2,1835
Total Nacional,05 Canarias,2015T1,3027
Total Nacional,05 Canarias,2014T4,4393
Total Nacional,05 Canarias,2014T3,2898
Total Nacional,05 Canarias,2014T2,2683
Total Nacional,05 Canarias,2014T1,2225
Total Nacional,05 Canarias,2013T4,4047
Total Nacional,05 Canarias,2013T3,2995
Total Nacional,06 Cantabria,2023T4,567
Total Nacional,06 Cantabria,2023T3,449
Total Nacional,06 Cantabria,2023T2,693
Total Nacional,06 Cantabria,2023T1,1123
Total Nacional,06 Cantabria,2022T4,1239
Total Nacional,06 Cantabria,2022T3,408
Total Nacional,06 Cantabria,2022T2,921
Total Nacional,06 Cantabria,2022T1,321
Total Nacional,06 Cantabria,2021T4,374
Total Nacional,06 Cantabria,2021T3,737
Total Nacional,06 Cantabria,2021T2,471
Total Nacional,06 Cantabria,2021T1,359
Total Nacional,06 Cantabria,2020T4,527
Total Nacional,06 Cantabria,2020T3,615
Total Nacional,06 Cantabria,2020T2,651
Total Nacional,06 Cantabria,2020T1,612
Total Nacional,06 Cantabria,2019T4,560
Total Nacional,06 Cantabria,2019T3,943
Total Nacional,06 Cantabria,2019T2,1066
Total Nacional,06 Cantabria,2019T1,961
Total Nacional,06 Cantabria,2018T4,969
Total Nacional,06 Cantabria,2018T3,597
Total Nacional,06 Cantabria,2018T2,527
Total Nacional,06 Cantabria,2018T1,527
Total Nacional,06 Cantabria,2017T4,587
Total Nacional,06 Cantabria,2017T3,308
Total Nacional,06 Cantabria,2017T2,456
Total Nacional,06 Cantabria,2017T1,517
Total Nacional,06 Cantabria,2016T4,483
Total Nacional,06 Cantabria,2016T3,577
Total Nacional,06 Cantabria,2016T2,724
Total Nacional,06 Cantabria,2016T1,485
Total Nacional,06 Cantabria,2015T4,449
Total Nacional,06 Cantabria,2015T3,249
Total Nacional,06 Cantabria,2015T2,318
Total Nacional,06 Cantabria,2015T1,262
Total Nacional,06 Cantabria,2014T4,478
Total Nacional,06 Cantabria,2014T3,499
Total Nacional,06 Cantabria,2014T2,351
Total Nacional,06 Cantabria,2014T1,290
Total Nacional,06 Cantabria,2013T4,510
Total Nacional,06 Cantabria,2013T3,743
Total Nacional,07 Castilla y León,2023T4,9218
Total Nacional,07 Castilla y León,2023T3,12067
Total Nacional,07 Castilla y León,2023T2,8877
Total Nacional,07 Castilla y León,2023T1,9012
Total Nacional,07 Castilla y León,2022T4,12015
Total Nacional,07 Castilla y León,2022T3,12750
Total Nacional,07 Castilla y León,2022T2,9632
Total Nacional,07 Castilla y León,2022T1,8531
Total Nacional,07 Castilla y León,2021T4,4661
Total Nacional,07 Castilla y León,2021T3,6101
Total Nacional,07 Castilla y León,2021T2,5663
Total Nacional,07 Castilla y León,2021T1,5719
Total Nacional,07 Castilla y León,2020T4,4378
Total Nacional,07 Castilla y León,2020T3,4766
Total Nacional,07 Castilla y León,2020T2,4058
Total Nacional,07 Castilla y León,2020T1,5478
Total Nacional,07 Castilla y León,2019T4,5184
Total Nacional,07 Castilla y León,2019T3,8436
Total Nacional,07 Castilla y León,2019T2,8037
Total Nacional,07 Castilla y León,2019T1,5024
Total Nacional,07 Castilla y León,2018T4,4293
Total Nacional,07 Castilla y León,2018T3,4401
Total Nacional,07 Castilla y León,2018T2,4034
Total Nacional,07 Castilla y León,2018T1,4830
Total Nacional,07 Castilla y León,2017T4,1792
Total Nacional,07 Castilla y León,2017T3,3494
Total Nacional,07 Castilla y León,2017T2,3012
Total Nacional,07 Castilla y León,2017T1,2274
Total Nacional,07 Castilla y León,2016T4,2733
Total Nacional,07 Castilla y León,2016T3,2529
Total Nacional,07 Castilla y León,2016T2,2478
Total Nacional,07 Castilla y León,2016T1,2658
Total Nacional,07 Castilla y León,2015T4,3349
Total Nacional,07 Castilla y León,2015T3,2924
Total Nacional,07 Castilla y León,2015T2,2581
Total Nacional,07 Castilla y León,2015T1,2171
Total Nacional,07 Castilla y León,2014T4,3359
Total Nacional,07 Castilla y León,2014T3,2484
Total Nacional,07 Castilla y León,2014T2,3373
Total Nacional,07 Castilla y León,2014T1,3474
Total Nacional,07 Castilla y León,2013T4,2485
Total Nacional,07 Castilla y León,2013T3,4283
Total Nacional,08 Castilla - La Mancha,2023T4,5195
Total Nacional,08 Castilla - La Mancha,2023T3,5864
Total Nacional,08 Castilla - La Mancha,2023T2,4954
Total Nacional,08 Castilla - La Mancha,2023T1,5860
Total Nacional,08 Castilla - La Mancha,2022T4,5670
Total Nacional,08 Castilla - La Mancha,2022T3,3301
Total Nacional,08 Castilla - La Mancha,2022T2,4338
Total Nacional,08 Castilla - La Mancha,2022T1,3589
Total Nacional,08 Castilla - La Mancha,2021T4,4000
Total Nacional,08 Castilla - La Mancha,2021T3,3821
Total Nacional,08 Castilla - La Mancha,2021T2,4684
Total Nacional,08 Castilla - La Mancha,2021T1,3016
Total Nacional,08 Castilla - La Mancha,2020T4,1897
Total Nacional,08 Castilla - La Mancha,2020T3,2032
Total Nacional,08 Castilla - La Mancha,2020T2,1841
Total Nacional,08 Castilla - La Mancha,2020T1,3679
Total Nacional,08 Castilla - La Mancha,2019T4,2022
Total Nacional,08 Castilla - La Mancha,2019T3,2845
Total Nacional,08 Castilla - La Mancha,2019T2,3080
Total Nacional,08 Castilla - La Mancha,2019T1,2707
Total Nacional,08 Castilla - La Mancha,2018T4,3016
Total Nacional,08 Castilla - La Mancha,2018T3,2954
Total Nacional,08 Castilla - La Mancha,2018T2,2850
Total Nacional,08 Castilla - La Mancha,2018T1,3261
Total Nacional,08 Castilla - La Mancha,2017T4,2016
Total Nacional,08 Castilla - La Mancha,2017T3,3532
Total Nacional,08 Castilla - La Mancha,2017T2,2485
Total Nacional,08 Castilla - La Mancha,2017T1,2326
Total Nacional,08 Castilla - La Mancha,2016T4,1448
Total Nacional,08 Castilla - La Mancha,2016T3,2742
Total Nacional,08 Castilla - La Mancha,2016T2,4260
Total Nacional,08 Castilla - La Mancha,2016T1,3404
Total Nacional,08 Castilla - La Mancha,2015T4,1320
Total Nacional,08 Castilla - La Mancha,2015T3,2468
Total Nacional,08 Castilla - La Mancha,2015T2,2394
Total Nacional,08 Castilla - La Mancha,2015T1,2141
Total Nacional,08 Castilla - La Mancha,2014T4,1988
Total Nacional,08 Castilla - La Mancha,2014T3,1861
Total Nacional,08 Castilla - La Mancha,2014T2,1770
Total Nacional,08 Castilla - La Mancha,2014T1,1123
Total Nacional,08 Castilla - La Mancha,2013T4,1100
Total Nacional,08 Castilla - La Mancha,2013T3,1894
Total Nacional,09 Cataluña,2023T4,26927
Total Nacional,09 Cataluña,2023T3,31242
Total Nacional,09 Cataluña,2023T2,30800
Total Nacional,09 Cataluña,2023T1,29314
Total Nacional,09 Cataluña,2022T4,26544
Total Nacional,09 Cataluña,2022T3,29311
Total Nacional,09 Cataluña,2022T2,29209
Total Nacional,09 Cataluña,2022T1,32474
Total Nacional,09 Cataluña,2021T4,24551
Total Nacional,09 Cataluña,2021T3,24648
Total Nacional,09 Cataluña,2021T2,27917
Total Nacional,09 Cataluña,2021T1,17833
Total Nacional,09 Cataluña,2020T4,16217
Total Nacional,09 Cataluña,2020T3,17371
Total Nacional,09 Cataluña,2020T2,12476
Total Nacional,09 Cataluña,2020T1,21830
Total Nacional,09 Cataluña,2019T4,19992
Total Nacional,09 Cataluña,2019T3,23251
Total Nacional,09 Cataluña,2019T2,22827
Total Nacional,09 Cataluña,2019T1,22617
Total Nacional,09 Cataluña,2018T4,17936
Total Nacional,09 Cataluña,2018T3,19666
Total Nacional,09 Cataluña,2018T2,24022
Total Nacional,09 Cataluña,2018T1,25828
Total Nacional,09 Cataluña,2017T4,18892
Total Nacional,09 Cataluña,2017T3,17413
Total Nacional,09 Cataluña,2017T2,19590
Total Nacional,09 Cataluña,2017T1,17660
Total Nacional,09 Cataluña,2016T4,15598
Total Nacional,09 Cataluña,2016T3,14567
Total Nacional,09 Cataluña,2016T2,13121
Total Nacional,09 Cataluña,2016T1,13774
Total Nacional,09 Cataluña,2015T4,10797
Total Nacional,09 Cataluña,2015T3,14226
Total Nacional,09 Cataluña,2015T2,13444
Total Nacional,09 Cataluña,2015T1,13720
Total Nacional,09 Cataluña,2014T4,10568
Total Nacional,09 Cataluña,2014T3,11130
Total Nacional,09 Cataluña,2014T2,10836
Total Nacional,09 Cataluña,2014T1,10505
Total Nacional,09 Cataluña,2013T4,10915
Total Nacional,09 Cataluña,2013T3,15583
Total Nacional,10 Comunitat Valenciana,2023T4,17311
Total Nacional,10 Comunitat Valenciana,2023T3,17593
Total Nacional,10 Comunitat Valenciana,2023T2,18961
Total Nacional,10 Comunitat Valenciana,2023T1,17143
Total Nacional,10 Comunitat Valenciana,2022T4,14397
Total Nacional,10 Comunitat Valenciana,2022T3,19194
Total Nacional,10 Comunitat Valenciana,2022T2,18133
Total Nacional,10 Comunitat Valenciana,2022T1,15879
Total Nacional,10 Comunitat Valenciana,2021T4,10776
Total Nacional,10 Comunitat Valenciana,2021T3,18640
Total Nacional,10 Comunitat Valenciana,2021T2,12788
Total Nacional,10 Comunitat Valenciana,2021T1,9945
Total Nacional,10 Comunitat Valenciana,2020T4,5148
Total Nacional,10 Comunitat Valenciana,2020T3,8812
Total Nacional,10 Comunitat Valenciana,2020T2,8798
Total Nacional,10 Comunitat Valenciana,2020T1,8547
Total Nacional,10 Comunitat Valenciana,2019T4,7088
Total Nacional,10 Comunitat Valenciana,2019T3,8873
Total Nacional,10 Comunitat Valenciana,2019T2,10456
Total Nacional,10 Comunitat Valenciana,2019T1,8887
Total Nacional,10 Comunitat Valenciana,2018T4,7030
Total Nacional,10 Comunitat Valenciana,2018T3,8204
Total Nacional,10 Comunitat Valenciana,2018T2,10288
Total Nacional,10 Comunitat Valenciana,2018T1,8321
Total Nacional,10 Comunitat Valenciana,2017T4,7586
Total Nacional,10 Comunitat Valenciana,2017T3,9852
Total Nacional,10 Comunitat Valenciana,2017T2,9408
Total Nacional,10 Comunitat Valenciana,2017T1,8935
Total Nacional,10 Comunitat Valenciana,2016T4,4594
Total Nacional,10 Comunitat Valenciana,2016T3,5740
Total Nacional,10 Comunitat Valenciana,2016T2,5582
Total Nacional,10 Comunitat Valenciana,2016T1,6056
Total Nacional,10 Comunitat Valenciana,2015T4,3808
Total Nacional,10 Comunitat Valenciana,2015T3,4666
Total Nacional,10 Comunitat Valenciana,2015T2,3652
Total Nacional,10 Comunitat Valenciana,2015T1,3838
Total Nacional,10 Comunitat Valenciana,2014T4,4704
Total Nacional,10 Comunitat Valenciana,2014T3,5342
Total Nacional,10 Comunitat Valenciana,2014T2,3305
Total Nacional,10 Comunitat Valenciana,2014T1,2533
Total Nacional,10 Comunitat Valenciana,2013T4,2624
Total Nacional,10 Comunitat Valenciana,2013T3,6077
Total Nacional,11 Extremadura,2023T4,930
Total Nacional,11 Extremadura,2023T3,1239
Total Nacional,11 Extremadura,2023T2,430
Total Nacional,11 Extremadura,2023T1,1011
Total Nacional,11 Extremadura,2022T4,1380
Total Nacional,11 Extremadura,2022T3,1059
Total Nacional,11 Extremadura,2022T2,1696
Total Nacional,11 Extremadura,2022T1,970
Total Nacional,11 Extremadura,2021T4,979
Total Nacional,11 Extremadura,2021T3,721
Total Nacional,11 Extremadura,2021T2,969
Total Nacional,11 Extremadura,2021T1,1205
Total Nacional,11 Extremadura,2020T4,660
Total Nacional,11 Extremadura,2020T3,699
Total Nacional,11 Extremadura,2020T2,977
Total Nacional,11 Extremadura,2020T1,1727
Total Nacional,11 Extremadura,2019T4,903
Total Nacional,11 Extremadura,2019T3,1084
Total Nacional,11 Extremadura,2019T2,1037
Total Nacional,11 Extremadura,2019T1,1412
Total Nacional,11 Extremadura,2018T4,1744
Total Nacional,11 Extremadura,2018T3,1513
Total Nacional,11 Extremadura,2018T2,609
Total Nacional,11 Extremadura,2018T1,1809
Total Nacional,11 Extremadura,2017T4,752
Total Nacional,11 Extremadura,2017T3,839
Total Nacional,11 Extremadura,2017T2,1692
Total Nacional,11 Extremadura,2017T1,729
Total Nacional,11 Extremadura,2016T4,383
Total Nacional,11 Extremadura,2016T3,606
Total Nacional,11 Extremadura,2016T2,1011
Total Nacional,11 Extremadura,2016T1,666
Total Nacional,11 Extremadura,2015T4,894
Total Nacional,11 Extremadura,2015T3,866
Total Nacional,11 Extremadura,2015T2,892
Total Nacional,11 Extremadura,2015T1,814
Total Nacional,11 Extremadura,2014T4,599
Total Nacional,11 Extremadura,2014T3,374
Total Nacional,11 Extremadura,2014T2,527
Total Nacional,11 Extremadura,2014T1,976
Total Nacional,11 Extremadura,2013T4,695
Total Nacional,11 Extremadura,2013T3,812
Total Nacional,12 Galicia,2023T4,5581
Total Nacional,12 Galicia,2023T3,6150
Total Nacional,12 Galicia,2023T2,6515
Total Nacional,12 Galicia,2023T1,6929
Total Nacional,12 Galicia,2022T4,4811
Total Nacional,12 Galicia,2022T3,4651
Total Nacional,12 Galicia,2022T2,6016
Total Nacional,12 Galicia,2022T1,3731
Total Nacional,12 Galicia,2021T4,3025
Total Nacional,12 Galicia,2021T3,5077
Total Nacional,12 Galicia,2021T2,3342
Total Nacional,12 Galicia,2021T1,4162
Total Nacional,12 Galicia,2020T4,2993
Total Nacional,12 Galicia,2020T3,3295
Total Nacional,12 Galicia,2020T2,2766
Total Nacional,12 Galicia,2020T1,4173
Total Nacional,12 Galicia,2019T4,4607
Total Nacional,12 Galicia,2019T3,2797
Total Nacional,12 Galicia,2019T2,3664
Total Nacional,12 Galicia,2019T1,4414
Total Nacional,12 Galicia,2018T4,4205
Total Nacional,12 Galicia,2018T3,3117
Total Nacional,12 Galicia,2018T2,3538
Total Nacional,12 Galicia,2018T1,2683
Total Nacional,12 Galicia,2017T4,2045
Total Nacional,12 Galicia,2017T3,3397
Total Nacional,12 Galicia,2017T2,3501
Total Nacional,12 Galicia,2017T1,3486
Total Nacional,12 Galicia,2016T4,2308
Total Nacional,12 Galicia,2016T3,3075
Total Nacional,12 Galicia,2016T2,8332
Total Nacional,12 Galicia,2016T1,4375
Total Nacional,12 Galicia,2015T4,2601
Total Nacional,12 Galicia,2015T3,2391
Total Nacional,12 Galicia,2015T2,2384
Total Nacional,12 Galicia,2015T1,2396
Total Nacional,12 Galicia,2014T4,2202
Total Nacional,12 Galicia,2014T3,1990
Total Nacional,12 Galicia,2014T2,1450
Total Nacional,12 Galicia,2014T1,4325
Total Nacional,12 Galicia,2013T4,2975
Total Nacional,12 Galicia,2013T3,4398
Total Nacional,13 Madrid,2023T4,31474
Total Nacional,13 Madrid,2023T3,33656
Total Nacional,13 Madrid,2023T2,29424
Total Nacional,13 Madrid,2023T1,36812
Total Nacional,13 Madrid,2022T4,27551
Total Nacional,13 Madrid,2022T3,29006
Total Nacional,13 Madrid,2022T2,27105
Total Nacional,13 Madrid,2022T1,27676
Total Nacional,13 Madrid,2021T4,22253
Total Nacional,13 Madrid,2021T3,21561
Total Nacional,13 Madrid,2021T2,27001
Total Nacional,13 Madrid,2021T1,25348
Total Nacional,13 Madrid,2020T4,17419
Total Nacional,13 Madrid,2020T3,17004
Total Nacional,13 Madrid,2020T2,16507
Total Nacional,13 Madrid,2020T1,25708
Total Nacional,13 Madrid,2019T4,21684
Total Nacional,13 Madrid,2019T3,24352
Total Nacional,13 Madrid,2019T2,25122
Total Nacional,13 Madrid,2019T1,22444
Total Nacional,13 Madrid,2018T4,23776
Total Nacional,13 Madrid,2018T3,25320
Total Nacional,13 Madrid,2018T2,21391
Total Nacional,13 Madrid,2018T1,22166
Total Nacional,13 Madrid,2017T4,18000
Total Nacional,13 Madrid,2017T3,17309
Total Nacional,13 Madrid,2017T2,18247
Total Nacional,13 Madrid,2017T1,18269
Total Nacional,13 Madrid,2016T4,18405
Total Nacional,13 Madrid,2016T3,16044
Total Nacional,13 Madrid,2016T2,17655
Total Nacional,13 Madrid,2016T1,15349
Total Nacional,13 Madrid,2015T4,14187
Total Nacional,13 Madrid,2015T3,15011
Total Nacional,13 Madrid,2015T2,14459
Total Nacional,13 Madrid,2015T1,15407
Total Nacional,13 Madrid,2014T4,13005
Total Nacional,13 Madrid,2014T3,12245
Total Nacional,13 Madrid,2014T2,11902
Total Nacional,13 Madrid,2014T1,14023
Total Nacional,13 Madrid,2013T4,12767
Total Nacional,13 Madrid,2013T3,17797
Total Nacional,14 Murcia,2023T4,1201
Total Nacional,14 Murcia,2023T3,1605
Total Nacional,14 Murcia,2023T2,1705
Total Nacional,14 Murcia,2023T1,1342
Total Nacional,14 Murcia,2022T4,2050
Total Nacional,14 Murcia,2022T3,1712
Total Nacional,14 Murcia,2022T2,1392
Total Nacional,14 Murcia,2022T1,1066
Total Nacional,14 Murcia,2021T4,1750
Total Nacional,14 Murcia,2021T3,1873
Total Nacional,14 Murcia,2021T2,2423
Total Nacional,14 Murcia,2021T1,2045
Total Nacional,14 Murcia,2020T4,1319
Total Nacional,14 Murcia,2020T3,547
Total Nacional,14 Murcia,2020T2,932
Total Nacional,14 Murcia,2020T1,693
Total Nacional,14 Murcia,2019T4,1378
Total Nacional,14 Murcia,2019T3,1186
Total Nacional,14 Murcia,2019T2,2188
Total Nacional,14 Murcia,2019T1,1540
Total Nacional,14 Murcia,2018T4,1313
Total Nacional,14 Murcia,2018T3,1549
Total Nacional,14 Murcia,2018T2,1301
Total Nacional,14 Murcia,2018T1,1120
Total Nacional,14 Murcia,2017T4,1095
Total Nacional,14 Murcia,2017T3,2462
Total Nacional,14 Murcia,2017T2,1093
Total Nacional,14 Murcia,2017T1,1065
Total Nacional,14 Murcia,2016T4,665
Total Nacional,14 Murcia,2016T3,1236
Total Nacional,14 Murcia,2016T2,1088
Total Nacional,14 Murcia,2016T1,1404
Total Nacional,14 Murcia,2015T4,1082
Total Nacional,14 Murcia,2015T3,1847
Total Nacional,14 Murcia,2015T2,1300
Total Nacional,14 Murcia,2015T1,1236
Total Nacional,14 Murcia,2014T4,976
Total Nacional,14 Murcia,2014T3,1214
Total Nacional,14 Murcia,2014T2,1216
Total Nacional,14 Murcia,2014T1,435
Total Nacional,14 Murcia,2013T4,1081
Total Nacional,14 Murcia,2013T3,906
Total Nacional,15 Navarra,2023T4,3427
Total Nacional,15 Navarra,2023T3,3729
Total Nacional,15 Navarra,2023T2,3884
Total Nacional,15 Navarra,2023T1,3333
Total Nacional,15 Navarra,2022T4,2893
Total Nacional,15 Navarra,2022T3,4052
Total Nacional,15 Navarra,2022T2,3503
Total Nacional,15 Navarra,2022T1,3255
Total Nacional,15 Navarra,2021T4,3050
Total Nacional,15 Navarra,2021T3,2891
Total Nacional,15 Navarra,2021T2,2829
Total Nacional,15 Navarra,2021T1,2262
Total Nacional,15 Navarra,2020T4,2787
Total Nacional,15 Navarra,2020T3,2854
Total Nacional,15 Navarra,2020T2,2626
Total Nacional,15 Navarra,2020T1,2666
Total Nacional,15 Navarra,2019T4,2747
Total Nacional,15 Navarra,2019T3,2973
Total Nacional,15 Navarra,2019T2,2861
Total Nacional,15 Navarra,2019T1,3059
Total Nacional,15 Navarra,2018T4,3082
Total Nacional,15 Navarra,2018T3,3440
Total Nacional,15 Navarra,2018T2,3279
Total Nacional,15 Navarra,2018T1,2793
Total Nacional,15 Navarra,2017T4,2489
Total Nacional,15 Navarra,2017T3,2855
Total Nacional,15 Navarra,2017T2,2886
Total Nacional,15 Navarra,2017T1,2320
Total Nacional,15 Navarra,2016T4,1274
Total Nacional,15 Navarra,2016T3,2062
Total Nacional,15 Navarra,2016T2,659
Total Nacional,15 Navarra,2016T1,558
Total Nacional,15 Navarra,2015T4,258
Total Nacional,15 Navarra,2015T3,406
Total Nacional,15 Navarra,2015T2,716
Total Nacional,15 Navarra,2015T1,809
Total Nacional,15 Navarra,2014T4,353
Total Nacional,15 Navarra,2014T3,679
Total Nacional,15 Navarra,2014T2,762
Total Nacional,15 Navarra,2014T1,469
Total Nacional,15 Navarra,2013T4,482
Total Nacional,15 Navarra,2013T3,541
Total Nacional,16 País Vasco,2023T4,4944
Total Nacional,16 País Vasco,2023T3,5447
Total Nacional,16 País Vasco,2023T2,5136
Total Nacional,16 País Vasco,2023T1,4437
Total Nacional,16 País Vasco,2022T4,5601
Total Nacional,16 País Vasco,2022T3,5382
Total Nacional,16 País Vasco,2022T2,5238
Total Nacional,16 País Vasco,2022T1,5000
Total Nacional,16 País Vasco,2021T4,2761
Total Nacional,16 País Vasco,2021T3,2844
Total Nacional,16 País Vasco,2021T2,3561
Total Nacional,16 País Vasco,2021T1,2475
Total Nacional,16 País Vasco,2020T4,3076
Total Nacional,16 País Vasco,2020T3,3017
Total Nacional,16 País Vasco,2020T2,2201
Total Nacional,16 País Vasco,2020T1,5933
Total Nacional,16 País Vasco,2019T4,3596
Total Nacional,16 País Vasco,2019T3,4654
Total Nacional,16 País Vasco,2019T2,4466
Total Nacional,16 País Vasco,2019T1,5321
Total Nacional,16 País Vasco,2018T4,6317
Total Nacional,16 País Vasco,2018T3,6625
Total Nacional,16 País Vasco,2018T2,5099
Total Nacional,16 País Vasco,2018T1,6337
Total Nacional,16 País Vasco,2017T4,4578
Total Nacional,16 País Vasco,2017T3,4415
Total Nacional,16 País Vasco,2017T2,4528
Total Nacional,16 País Vasco,2017T1,4564
Total Nacional,16 País Vasco,2016T4,3926
Total Nacional,16 País Vasco,2016T3,3924
Total Nacional,16 País Vasco,2016T2,3886
Total Nacional,16 País Vasco,2016T1,2977
Total Nacional,16 País Vasco,2015T4,4390
Total Nacional,16 País Vasco,2015T3,2610
Total Nacional,16 País Vasco,2015T2,3143
Total Nacional,16 País Vasco,2015T1,2249
Total Nacional,16 País Vasco,2014T4,1671
Total Nacional,16 País Vasco,2014T3,2180
Total Nacional,16 País Vasco,2014T2,2203
Total Nacional,16 País Vasco,2014T1,2774
Total Nacional,16 País Vasco,2013T4,1779
Total Nacional,16 País Vasco,2013T3,2321
Total Nacional,17 La Rioja,2023T4,560
Total Nacional,17 La Rioja,2023T3,658
Total Nacional,17 La Rioja,2023T2,561
Total Nacional,17 La Rioja,2023T1,521
Total Nacional,17 La Rioja,2022T4,369
Total Nacional,17 La Rioja,2022T3,396
Total Nacional,17 La Rioja,2022T2,598
Total Nacional,17 La Rioja,2022T1,673
Total Nacional,17 La Rioja,2021T4,553
Total Nacional,17 La Rioja,2021T3,562
Total Nacional,17 La Rioja,2021T2,663
Total Nacional,17 La Rioja,2021T1,645
Total Nacional,17 La Rioja,2020T4,400
Total Nacional,17 La Rioja,2020T3,444
Total Nacional,17 La Rioja,2020T2,315
Total Nacional,17 La Rioja,2020T1,483
Total Nacional,17 La Rioja,2019T4,453
Total Nacional,17 La Rioja,2019T3,565
Total Nacional,17 La Rioja,2019T2,901
Total Nacional,17 La Rioja,2019T1,379
Total Nacional,17 La Rioja,2018T4,613
Total Nacional,17 La Rioja,2018T3,531
Total Nacional,17 La Rioja,2018T2,524
Total Nacional,17 La Rioja,2018T1,308
Total Nacional,17 La Rioja,2017T4,365
Total Nacional,17 La Rioja,2017T3,454
Total Nacional,17 La Rioja,2017T2,517
Total Nacional,17 La Rioja,2017T1,519
Total Nacional,17 La Rioja,2016T4,287
Total Nacional,17 La Rioja,2016T3,320
Total Nacional,17 La Rioja,2016T2,683
Total Nacional,17 La Rioja,2016T1,684
Total Nacional,17 La Rioja,2015T4,444
Total Nacional,17 La Rioja,2015T3,330
Total Nacional,17 La Rioja,2015T2,523
Total Nacional,17 La Rioja,2015T1,261
Total Nacional,17 La Rioja,2014T4,117
Total Nacional,17 La Rioja,2014T3,206
Total Nacional,17 La Rioja,2014T2,159
Total Nacional,17 La Rioja,2014T1,596
Total Nacional,17 La Rioja,2013T4,194
Total Nacional,17 La Rioja,2013T3,333
